countline_id,valid_days_2022,valid_days_2024,first_valid_date,last_valid_date,countline_name,route_type,local_authority,lsoa21nm,hardware_name,eligible_2022_2024
16363,47,364,2022-11-15,2024-12-31,S4_eastLn_road_mt001,Road,Halton,Halton 015B,Crown Gate,TRUE
16366,46,364,2022-11-15,2024-12-31,S2_liverpoolRd_cycle_mt001,Path/cycle facility,Halton,Halton 006B,Cycle Ln near Liverpool Rd / Prescott Rd,TRUE
16369,7,336,2022-11-15,2024-12-31,S3_Busway_road_mt001,Road,Halton,Halton 015B,Busway near Palacefields Ave,TRUE
22875,47,359,2022-11-15,2024-12-25,S25_busway_palaceFields_mt001,Other / crossing,Halton,Halton 015B,"Busway, near Palacefields Ave",TRUE
22897,18,364,2022-12-14,2024-12-31,S26_busway_BarnfieldAve_mt001,Other / crossing,Halton,Halton 014D,Busway near Stockham Ln,TRUE
23806,47,16,2022-11-15,2024-01-16,s27_Busway_road_mt001,Road,Halton,Halton 014D,Murdishaw Centre,TRUE
40834,44,266,2022-11-16,2024-12-31,S1_Queensway_road_hbc001,Road,Halton,Halton 012F,Queensway near New Rbt,TRUE
40835,44,266,2022-11-16,2024-12-31,S1_Queensway_RHSpath_hbc001,Path/cycle facility,Halton,Halton 012F,Queensway near New Rbt,TRUE
54966,18,364,2022-12-14,2024-12-31,S26_busway_BarnfieldAve_cycleLn_westbound_mt001,Path/cycle facility,Halton,Halton 014D,Busway near Stockham Ln,TRUE
54967,18,364,2022-12-14,2024-12-31,S26_busway_BarnfieldAve_path_RHS_mt001,Path/cycle facility,Halton,Halton 014D,Busway near Stockham Ln,TRUE
16347,47,364,2022-11-15,2024-12-31,S13_cherryfieldDrive_path_LHS_mt001,Path/cycle facility,Knowsley,Knowsley 003D,Cherryfield Dr near Cherryfield Cres,TRUE
16348,47,364,2022-11-15,2024-12-31,S13_cherryfieldDrive_road_mt001,Road,Knowsley,Knowsley 003D,Cherryfield Dr near Cherryfield Cres,TRUE
16349,47,364,2022-11-15,2024-12-31,S13_cherryfieldDrive_path_RHS_mt001,Path/cycle facility,Knowsley,Knowsley 003D,Cherryfield Dr near Cherryfield Cres,TRUE
23789,37,349,2022-11-16,2024-12-31,s49_KirkbyRow_LHS_path_mt001,Path/cycle facility,Knowsley,Knowsley 002B,Kirkby Row near Whitefield Dr,TRUE
23790,37,349,2022-11-16,2024-12-31,s49_KirkbyRow_road_mt001,Road,Knowsley,Knowsley 002B,Kirkby Row near Whitefield Dr,TRUE
23791,37,349,2022-11-16,2024-12-31,s49_KirkbyRow_RHS_path_mt001,Path/cycle facility,Knowsley,Knowsley 002B,Kirkby Row near Whitefield Dr,TRUE
23792,46,363,2022-11-15,2024-12-31,s48_KirkbyRow_LHS_path_mt001,Path/cycle facility,Knowsley,Knowsley 004A,Kirkby Row near Valley Rd,TRUE
23793,46,363,2022-11-15,2024-12-31,s48_KirkbyRow_road_mt001,Road,Knowsley,Knowsley 004A,Kirkby Row near Valley Rd,TRUE
23794,46,363,2022-11-15,2024-12-31,s48_KirkbyRow_RHS_path_mt001,Path/cycle facility,Knowsley,Knowsley 004A,Kirkby Row near Valley Rd,TRUE
23811,46,364,2022-11-16,2024-12-31,s50_StockbridgeLane_LHS_path_mt001,Path/cycle facility,Knowsley,Knowsley 008F,Stockbridge Ln near Waterpark Dr,TRUE
23812,46,364,2022-11-16,2024-12-31,s50_StockbridgeLane_road_mt001,Road,Knowsley,Knowsley 008F,Stockbridge Ln near Waterpark Dr,TRUE
23813,46,364,2022-11-16,2024-12-31,s50_StockbridgeLane_RHS_path_mt001,Path/cycle facility,Knowsley,Knowsley 008F,Stockbridge Ln near Waterpark Dr,TRUE
15104,45,361,2022-11-15,2024-12-31,s1_westbound_road_lp04,Road,Liverpool,Liverpool 024D,"West Derby Rd - Westbound, near Sheil Rd",TRUE
15106,42,346,2022-11-15,2024-12-31,S2_eastbound_road_lp04,Road,Liverpool,Liverpool 024D,"West Derby Rd - Eastbound, near Sheil Rd",TRUE
15160,44,361,2022-11-15,2024-12-31,s1_westbound_side_path_lp04,Path/cycle facility,Liverpool,Liverpool 024D,"West Derby Rd - Westbound, near Sheil Rd",TRUE
15161,41,346,2022-11-15,2024-12-31,s2_eastbound_cycle_lane_lp04,Path/cycle facility,Liverpool,Liverpool 024D,"West Derby Rd - Eastbound, near Sheil Rd",TRUE
15162,41,346,2022-11-15,2024-12-31,s2_eastbound_side_path_lp04,Path/cycle facility,Liverpool,Liverpool 024D,"West Derby Rd - Eastbound, near Sheil Rd",TRUE
16361,45,365,2022-11-16,2024-12-31,S19_westernAve_road_south_mt001,Road,Liverpool,Liverpool 059F,Western Ave near of Bray Rd,TRUE
16362,45,365,2022-11-16,2024-12-31,S19_westernAve_road_north_mt001,Road,Liverpool,Liverpool 058C,Western Ave near of Bray Rd,TRUE
16364,44,359,2022-11-15,2024-12-31,S16_ParadiseSt_path_LHS_mt001,Path/cycle facility,Liverpool,Liverpool 061C,Liver St near Park Ln,TRUE
16365,44,359,2022-11-15,2024-12-31,S16_ParadiseSt_road_mt001,Road,Liverpool,Liverpool 061C,Liver St near Park Ln,TRUE
16375,42,336,2022-11-15,2024-12-31,S18_stMarysRd_path_RHS_mt001,Path/cycle facility,Liverpool,Liverpool 057D,Saint Mary's Rd near Sidwell St,TRUE
16376,42,336,2022-11-15,2024-12-31,S18_stMarysRd_road_mt001,Road,Liverpool,Liverpool 057D,Saint Mary's Rd near Sidwell St,TRUE
16379,42,359,2022-11-15,2024-12-31,S20_commercialRd_path_LHS_mt001,Path/cycle facility,Liverpool,Liverpool 022D,Commercial Rd near Boundary St,TRUE
16380,42,359,2022-11-15,2024-12-31,S20_commercialRd_road_mt001,Road,Liverpool,Liverpool 022D,Commercial Rd near Boundary St,TRUE
16386,47,365,2022-11-15,2024-12-31,S19_westernAve_path_LHS_mt001,Path/cycle facility,Liverpool,Liverpool 059F,Western Ave near of Bray Rd,TRUE
16387,47,365,2022-11-15,2024-12-31,S19_westernAve_cycles_south_mt001,Path/cycle facility,Liverpool,Liverpool 059F,Western Ave near of Bray Rd,TRUE
16388,47,365,2022-11-15,2024-12-31,S16_ParadiseSt_cycle_southBound_mt001,Path/cycle facility,Liverpool,Liverpool 061C,Liver St near Park Ln,TRUE
16389,47,365,2022-11-15,2024-12-31,S16_ParadiseSt_path_RHS_mt001,Path/cycle facility,Liverpool,Liverpool 061C,Liver St near Park Ln,TRUE
16395,47,344,2022-11-15,2024-12-31,S18_stMarysRd_path_LHS_mt001,Path/cycle facility,Liverpool,Liverpool 057D,Saint Mary's Rd near Sidwell St,TRUE
16402,47,361,2022-11-15,2024-12-31,S20_commercialRd_cycle_path_mt001,Path/cycle facility,Liverpool,Liverpool 022D,Commercial Rd near Boundary St,TRUE
16403,47,361,2022-11-15,2024-12-31,S20_commercialRd_path_RHS_mt001,Path/cycle facility,Liverpool,Liverpool 022D,Commercial Rd near Boundary St,TRUE
22867,47,365,2022-11-15,2024-12-31,S32_wooltonRd_pathLHS_mt001,Path/cycle facility,Liverpool,Liverpool 047C,Woolton Rd near Hope Park,TRUE
22868,47,365,2022-11-15,2024-12-31,S32_wooltonRd_mt001,Other / crossing,Liverpool,Liverpool 047D,Woolton Rd near Hope Park,TRUE
22869,47,365,2022-11-15,2024-12-31,S32_wooltonRd_pathRHS_mt001,Path/cycle facility,Liverpool,Liverpool 047D,Woolton Rd near Hope Park,TRUE
22872,47,364,2022-11-15,2024-12-31,S29_londonRd_pathLHS_mt001,Path/cycle facility,Liverpool,Liverpool 023B,Breck Rd near Spindle Close,TRUE
22873,47,364,2022-11-15,2024-12-31,S29_londonRd_mt001,Other / crossing,Liverpool,Liverpool 023B,Breck Rd near Spindle Close,TRUE
22874,47,364,2022-11-15,2024-12-31,S29_londonRd_pathRHS_mt001,Path/cycle facility,Liverpool,Liverpool 023B,Breck Rd near Spindle Close,TRUE
22876,47,365,2022-11-15,2024-12-31,S33_upperParliamentSt_cycleLn_mt001,Path/cycle facility,Liverpool,Liverpool 035G,Upper Parliament St near Tunnel Rd,TRUE
22877,47,364,2022-11-15,2024-12-31,S42_PrinceAlfredRd_Path_LHS_mt001,Path/cycle facility,Liverpool,Liverpool 042C,Prince Alfred Rd near Fir Ln,TRUE
22878,47,364,2022-11-15,2024-12-31,S42_PrinceAlfredRd_Road_mt001,Road,Liverpool,Liverpool 042C,Prince Alfred Rd near Fir Ln,TRUE
22879,47,364,2022-11-15,2024-12-31,S42_PrinceAlfredRd_Path_RHS_mt001,Path/cycle facility,Liverpool,Liverpool 042C,Prince Alfred Rd near Fir Ln,TRUE
22880,45,325,2022-11-16,2024-12-31,S34_LeeceSt_road_mt001,Road,Liverpool,Liverpool 060G,"Leece St - Eastbound, near Roscoe St",TRUE
22881,45,325,2022-11-16,2024-12-31,S34_LeeceSt_pathRHS_mt001,Path/cycle facility,Liverpool,Liverpool 060G,"Leece St - Eastbound, near Roscoe St",TRUE
22887,44,359,2022-11-15,2024-12-31,S43_LeeceSt_Road_Eastbound_mt001,Road,Liverpool,Liverpool 060G,Leece St near Roscoe St,TRUE
22888,44,359,2022-11-15,2024-12-31,S43_LeeceSt_Path_Eastbound_mt001,Path/cycle facility,Liverpool,Liverpool 060G,Leece St near Roscoe St,TRUE
22889,47,197,2022-11-15,2024-07-15,S41_UttingAveE_Road_mt001,Road,Liverpool,Liverpool 011C,Utting Ave East near Parthenon Dr,TRUE
22890,45,197,2022-11-16,2024-07-15,S46_PrescotRd_Road_Westbound_mt001,Road,Liverpool,Liverpool 027A,Prescot Rd near Barrymore Rd,TRUE
22891,45,197,2022-11-16,2024-07-15,S46_PrescotRd_Path_Westbound_mt001,Path/cycle facility,Liverpool,Liverpool 027A,Prescot Rd near Barrymore Rd,TRUE
22892,47,195,2022-11-15,2024-07-15,S47_PrescotRd_Road_Eastbound_mt001,Road,Liverpool,Liverpool 027A,Prescot Rd near Dunmore Rd,TRUE
22893,47,195,2022-11-15,2024-07-15,S47_PrescotRd_Path_Eastbound_mt001,Path/cycle facility,Liverpool,Liverpool 027A,Prescot Rd near Dunmore Rd,TRUE
23038,47,365,2022-11-15,2024-12-31,S33_upperParliamentSt_LHS_mt001,Other / crossing,Liverpool,Liverpool 035G,Upper Parliament St near Tunnel Rd,TRUE
23039,47,365,2022-11-15,2024-12-31,S33_upperParliamentSt_RHS_mt001,Other / crossing,Liverpool,Liverpool 035G,Upper Parliament St near Tunnel Rd,TRUE
23780,39,365,2022-11-15,2024-12-31,s31_FirLane_road_mt001,Road,Liverpool,Liverpool 042C,Fir Ln near Prince Alfred Rd,TRUE
23781,39,365,2022-11-15,2024-12-31,s31_FirLane_path_mt001,Path/cycle facility,Liverpool,Liverpool 042C,Fir Ln near Prince Alfred Rd,TRUE
23795,46,361,2022-11-15,2024-12-31,s28_UttingAvenue_road_mt001,Road,Liverpool,Liverpool 010G,Utting Ave East near Lorenzo Dr,TRUE
23807,46,364,2022-11-16,2024-12-31,s30_LondonRoad_road_mt001,Road,Liverpool,Liverpool 060C,"London Rd - Eastbound, near Norton St",TRUE
23808,47,263,2022-11-15,2024-12-31,s44_LondonRoad_road_mt001,Road,Liverpool,Liverpool 060C,"London Rd - Westbound, near Norton St",TRUE
16353,45,365,2022-11-16,2024-12-31,S7_mertonRd_road_mt001,Road,Sefton,Sefton 037D,Merton Rd near Washington Parade,TRUE
16360,46,70,2022-11-15,2024-03-17,S5_chapelSt_road_mt001,Road,Sefton,Sefton 004I,Chapel St,TRUE
16370,46,184,2022-11-16,2024-10-24,S6_talbotSt_road_mt001,Road,Sefton,Sefton 004I,Talbot St near Portland St,TRUE
16371,46,184,2022-11-16,2024-10-24,S6_talbotSt_lhs_mt001,Other / crossing,Sefton,Sefton 004I,Talbot St near Portland St,TRUE
16372,46,184,2022-11-16,2024-10-24,S6_talbotSt_rhs_mt001,Other / crossing,Sefton,Sefton 004I,Talbot St near Portland St,TRUE
16392,47,365,2022-11-15,2024-12-31,S7_mertonRd_cycle_mt001,Path/cycle facility,Sefton,Sefton 037D,Merton Rd near Washington Parade,TRUE
22870,45,365,2022-11-15,2024-12-31,S36_waterlooRd_mt0001,Other / crossing,Sefton,Sefton 009F,Waterloo Rd near Grnbank Dr,TRUE
22871,47,365,2022-11-15,2024-12-31,S37_LiverpoolRd_mt001,Other / crossing,Sefton,Sefton 011D,Liverpool Rd near Saint Thomas More Dr,TRUE
22884,47,365,2022-11-15,2024-12-31,S35_marshfield_PathLHS_mt001,Path/cycle facility,Sefton,Sefton 003B,Marshside Rd near Fylde Rd,TRUE
22885,47,365,2022-11-15,2024-12-31,S35_marshfield_road_mt001,Road,Sefton,Sefton 003B,Marshside Rd near Fylde Rd,TRUE
22886,47,365,2022-11-15,2024-12-31,S35_marshfield_PathRHS_mt001,Path/cycle facility,Sefton,Sefton 003B,Marshside Rd near Fylde Rd,TRUE
26532,47,365,2022-11-15,2024-12-31,S37_LiverpoolRd_path_LHS_mt001,Path/cycle facility,Sefton,Sefton 011D,Liverpool Rd near Saint Thomas More Dr,TRUE
40720,43,359,2022-11-15,2024-12-31,S1_Park_Crescent_path_LHS_smbc001,Path/cycle facility,Sefton,Sefton 003D,Park Cres,TRUE
40721,43,359,2022-11-15,2024-12-31,S1_Park_Crescent_road_smbc001,Road,Sefton,Sefton 003D,Park Cres,TRUE
40722,43,359,2022-11-15,2024-12-31,S1_Park_Crescent_path_RHS_smbc001,Path/cycle facility,Sefton,Sefton 003D,Park Cres,TRUE
40723,44,364,2022-11-16,2024-12-31,S2_Liverpool_Road_path_LHS_smbc001,Path/cycle facility,Sefton,Sefton 011D,Liverpool Rd near Saint Thomas More Dr,TRUE
40724,44,364,2022-11-16,2024-12-31,S2_Liverpool_Road_road_smbc001,Road,Sefton,Sefton 011D,Liverpool Rd near Saint Thomas More Dr,TRUE
40725,46,362,2022-11-15,2024-12-31,S3_Waterloo_Road_path_LHS_smbc001,Path/cycle facility,Sefton,Sefton 009F,Waterloo Rd near Cromer Rd,TRUE
40726,46,362,2022-11-15,2024-12-31,S3_Waterloo_Road_road_smbc001,Road,Sefton,Sefton 009F,Waterloo Rd near Cromer Rd,TRUE
40727,45,363,2022-11-15,2024-12-31,S5_Trafalgar_Road_path_LHS_smbc001,Path/cycle facility,Sefton,Sefton 009F,Trafalgar Rd near Churchfields,TRUE
40728,45,363,2022-11-15,2024-12-31,S5_Trafalgar_Road_smbc001,Road,Sefton,Sefton 009F,Trafalgar Rd near Churchfields,TRUE
40729,45,363,2022-11-15,2024-12-31,S5_Trafalgar_Road_path_RHS_smbc001,Path/cycle facility,Sefton,Sefton 009F,Trafalgar Rd near Churchfields,TRUE
40730,46,341,2022-11-15,2024-12-31,S6_Preston_New_Road_path_LHS_smbc001,Path/cycle facility,Sefton,Sefton 002C,Preston New Rd near Rathmore Cres,TRUE
40731,46,341,2022-11-15,2024-12-31,S6_Preston_New_Road_smbc001,Road,Sefton,Sefton 002C,Preston New Rd near Rathmore Cres,TRUE
40732,46,363,2022-11-15,2024-12-31,S7_Preston_New_Road_path_LHS_smbc001,Path/cycle facility,Sefton,Sefton 002C,Preston New Rd near Mallee Cres,TRUE
40733,46,363,2022-11-15,2024-12-31,S7_Preston_New_Road_smbc001,Road,Sefton,Sefton 002C,Preston New Rd near Mallee Cres,TRUE
40734,46,37,2022-11-16,2024-02-06,S12_HawksheadSt_path_LHS_smbc001,Path/cycle facility,Sefton,Sefton 004D,Hawkshead St near Kestrel Ct,TRUE
40735,46,37,2022-11-16,2024-02-06,S12_HawksheadSt_road_smbc001,Road,Sefton,Sefton 004D,Hawkshead St near Kestrel Ct,TRUE
40736,46,37,2022-11-16,2024-02-06,S12_HawksheadSt_path_RHS_smbc001,Path/cycle facility,Sefton,Sefton 004D,Hawkshead St near Kestrel Ct,TRUE
40737,46,37,2022-11-15,2024-02-06,S10_HallStreet_path_LHS_smbc001,Path/cycle facility,Sefton,Sefton 004D,Hall St near East St,TRUE
40738,46,37,2022-11-15,2024-02-06,S10_HallStreet_road_smbc001,Road,Sefton,Sefton 004D,Hall St near East St,TRUE
40739,46,37,2022-11-15,2024-02-06,S10_MountSt_Crossing_RHS_smbc001,Other / crossing,Sefton,Sefton 004D,Hall St near East St,TRUE
40740,46,365,2022-11-15,2024-12-31,S11_KingStreet_path_LHS_smbc001,Path/cycle facility,Sefton,Sefton 004H,King St near Wellington St,TRUE
40741,46,365,2022-11-15,2024-12-31,S11_KingStreet_road_smbc001,Road,Sefton,Sefton 004H,King St near Wellington St,TRUE
40742,46,365,2022-11-15,2024-12-31,S11_KingStreet_path_RHS_smbc001,Path/cycle facility,Sefton,Sefton 004H,King St near Wellington St,TRUE
40743,45,364,2022-11-16,2024-12-31,S4_DoverRoad_path_LHS_smbc001,Path/cycle facility,Sefton,Sefton 009A,Dover Rd near Conyers Ave,TRUE
40744,45,364,2022-11-16,2024-12-31,S4_DoverRoad_smbc001,Road,Sefton,Sefton 009A,Dover Rd near Conyers Ave,TRUE
40745,46,364,2022-11-15,2024-12-31,S8_Maghull_Lane_path_LHS_smbc001,Path/cycle facility,Sefton,Sefton 026B,Maghull Ln near Maghull Ln Interchange,TRUE
40746,46,364,2022-11-15,2024-12-31,S8_Maghull_Lane_smbc001,Other / crossing,Sefton,Sefton 026B,Maghull Ln near Maghull Ln Interchange,TRUE
43340,46,357,2022-11-15,2024-12-31,S13_HoughtonRd_north_LHSPath_smbc001,Path/cycle facility,Sefton,Sefton 004G,Hoghton St near Hoghton Grove,TRUE
43342,46,357,2022-11-15,2024-12-31,S13_HoughtonRd_north_CycleLane_smbc001,Path/cycle facility,Sefton,Sefton 004G,Hoghton St near Hoghton Grove,TRUE
43343,46,357,2022-11-15,2024-12-31,S13_HoughtonRd_north_Road_smbc001,Road,Sefton,Sefton 004G,Hoghton St near Hoghton Grove,TRUE
43346,47,364,2022-11-15,2024-12-31,S15_QueensRd_RHS_Road_smbc001,Road,Sefton,Sefton 004A,Queen's Rd near Hawkshead St,TRUE
43347,47,364,2022-11-15,2024-12-31,S15_QueensRd_LHS_Road_smbc001,Road,Sefton,Sefton 004A,Queen's Rd near Hawkshead St,TRUE
43493,46,264,2022-11-16,2024-12-31,S14_HoughtonSt_south_LHSPath_smbc001,Path/cycle facility,Sefton,Sefton 004G,Hoghton St near Queen's Rd,TRUE
43494,46,264,2022-11-16,2024-12-31,S14_HoughtonSt__south_CycleLane_smbc001,Path/cycle facility,Sefton,Sefton 004G,Hoghton St near Queen's Rd,TRUE
43495,46,264,2022-11-16,2024-12-31,S14_HoughtonSt_south_road_smbc001,Road,Sefton,Sefton 004G,Hoghton St near Queen's Rd,TRUE
16354,41,353,2022-11-15,2024-12-31,S14_clockFaceRd_road_mt001,Road,St. Helens,St. Helens 022F,Clock Face Rd near Four Acre Ln,TRUE
16355,41,353,2022-11-15,2024-12-31,S14_clockFaceRd_path_RHS_mt001,Path/cycle facility,St. Helens,St. Helens 022F,Clock Face Rd near Four Acre Ln,TRUE
16396,41,360,2022-11-15,2024-12-31,S14_clockfaceRd_path_LHS_mt001,Path/cycle facility,St. Helens,St. Helens 022F,Clock Face Rd near Four Acre Ln,TRUE
16672,46,365,2022-11-15,2024-12-31,S23_ChesterLane_road_mt001,Road,St. Helens,St. Helens 022F,Chester Ln near Four Acre Ln,TRUE
16673,46,365,2022-11-15,2024-12-31,S23_ChesterLane_RHSpath_mt001,Path/cycle facility,St. Helens,St. Helens 022F,Chester Ln near Four Acre Ln,TRUE
16676,46,365,2022-11-15,2024-12-31,S23_ChesterLane_lhs_mt001,Other / crossing,St. Helens,St. Helens 022F,Chester Ln near Four Acre Ln,TRUE
22882,46,301,2022-11-15,2024-12-31,S39_peasleyCrossLane_road_mt001,Road,St. Helens,St. Helens 024E,Peasley Cross Ln near McManus Dr,TRUE
22883,46,301,2022-11-15,2024-12-31,S39_peasleyCrossLane_pathLHS_mt001,Path/cycle facility,St. Helens,St. Helens 024E,Peasley Cross Ln near McManus Dr,TRUE
22894,47,365,2022-11-15,2024-12-31,S38_warringtonRd_pathLHS_mt001,Path/cycle facility,St. Helens,St. Helens 022A,Warrington Rd near Clock Face Rd,TRUE
22895,47,365,2022-11-15,2024-12-31,S38_warringtonRd_mt001,Other / crossing,St. Helens,St. Helens 022A,Warrington Rd near Clock Face Rd,TRUE
22896,47,365,2022-11-15,2024-12-31,S38_warringtonRd_pathRHS_mt001,Path/cycle facility,St. Helens,St. Helens 022A,Warrington Rd near Clock Face Rd,TRUE
22898,45,363,2022-11-16,2024-12-31,S40_ClockFaceRd_Path_LHS_mt001,Path/cycle facility,St. Helens,St. Helens 020F,Clock Face Rd near Gartons Ln,TRUE
22899,45,363,2022-11-16,2024-12-31,S40_ClockFaceRd_Road_mt001,Road,St. Helens,St. Helens 020F,Clock Face Rd near Gartons Ln,TRUE
22900,45,363,2022-11-16,2024-12-31,S40_ClockFaceRd_Path_RHS_mt001,Path/cycle facility,St. Helens,St. Helens 020F,Clock Face Rd near Gartons Ln,TRUE
16350,47,365,2022-11-15,2024-12-31,S12_WirralCircularTrail_path_LHS_mt001,Path/cycle facility,Wirral,Wirral 027D,New Chester Rd near St Paul's Rd,TRUE
16351,47,365,2022-11-15,2024-12-31,S12_WirralCircularTrail_road_mt001,Road,Wirral,Wirral 027D,New Chester Rd near St Paul's Rd,TRUE
16352,47,365,2022-11-15,2024-12-31,S12_WirralCircularTrail_path_RHS_mt001,Path/cycle facility,Wirral,Wirral 027D,New Chester Rd near St Paul's Rd,TRUE
16356,47,360,2022-11-15,2024-12-31,S11_newChesterRd_path_LHS_mt001,Path/cycle facility,Wirral,Wirral 027D,New Chester Rd near Bedford Rd,TRUE
16357,47,360,2022-11-15,2024-12-31,S11_newChesterRd_road_mt001,Road,Wirral,Wirral 027D,New Chester Rd near Bedford Rd,TRUE
16358,47,360,2022-11-15,2024-12-31,S11_newChesterRd_path_RHS_mt001,Path/cycle facility,Wirral,Wirral 027D,New Chester Rd near Bedford Rd,TRUE
16367,46,364,2022-11-15,2024-12-31,S9_hoylakeRd_roadEast_mt001,Road,Wirral,Wirral 009B,Fender Ln near Hoylake Rd,TRUE
16368,46,364,2022-11-15,2024-12-31,S9_hoylakeRd_path_RHS_mt001,Path/cycle facility,Wirral,Wirral 009B,Fender Ln near Hoylake Rd,TRUE
16381,46,358,2022-11-16,2024-12-31,S10_newchesterRd_LHS_mt001,Other / crossing,Wirral,Wirral 031C,New Chester Rd near Sefton Rd,TRUE
16382,46,358,2022-11-16,2024-12-31,S10_newchesterRd_road_mt001,Road,Wirral,Wirral 031C,New Chester Rd near Sefton Rd,TRUE
16383,46,358,2022-11-16,2024-12-31,S10_newchesterRd_RHS_mt001,Other / crossing,Wirral,Wirral 031C,New Chester Rd near Sefton Rd,TRUE
16390,47,361,2022-11-15,2024-12-31,S9_hoylakeRd_roadWest_mt001,Road,Wirral,Wirral 009B,Fender Ln near Hoylake Rd,TRUE
16391,47,361,2022-11-15,2024-12-31,S9_hoylakeRd_path_LHS_mt001,Path/cycle facility,Wirral,Wirral 009B,Fender Ln near Hoylake Rd,TRUE
23796,47,130,2022-11-15,2024-05-24,s52_ArroweParkRoad_LHS_path_mt001,Path/cycle facility,Wirral,Wirral 034B,Arrowe Park Rd,TRUE
23797,47,130,2022-11-15,2024-05-24,s52_ArroweParkRoad_road_and_cyclelane_mt001,Path/cycle facility,Wirral,Wirral 034B,Arrowe Park Rd,TRUE
23798,47,130,2022-11-15,2024-05-24,s52_ArroweParkRoad_RHS_path_mt001,Path/cycle facility,Wirral,Wirral 034B,Arrowe Park Rd,TRUE
23802,35,335,2022-11-16,2024-12-31,s53_HarrisonDrive_LHS_path_mt001,Path/cycle facility,Wirral,Wirral 003B,Harrison Dr,TRUE
23803,35,335,2022-11-16,2024-12-31,s53_HarrisonDrive_road_mt001,Road,Wirral,Wirral 003B,Harrison Dr,TRUE
23804,35,335,2022-11-16,2024-12-31,s53_HarrisonDrive_RHS_path_mt001,Path/cycle facility,Wirral,Wirral 003B,Harrison Dr,TRUE
52615,46,364,2022-11-15,2024-12-31,S9_hoylakeRd_NEW_roadWest_mt001,Road,Wirral,Wirral 009B,Fender Ln near Hoylake Rd,TRUE
