imd_role,outcome,outcome_label,countlines,observed_countline_days,count_total,average_per_observed_day,active_travel_average,percentage_of_group_active_travel,comparison_group,comparison_level,pair_id,scheme_id,matched_calendar_days,matched_first_date,matched_last_date
Five scheme sensors,pedestrian,Pedestrian,4,620,49339,79.5790322580645,102.401612903226,77.7126746365512,12b | Knowsley 017B,Matched context,12b | Knowsley 017B,12b,218,2024-08-01,2025-04-24
Five scheme sensors,cyclist,Cyclist,4,620,14150,22.8225806451613,102.401612903226,22.2873253634488,12b | Knowsley 017B,Matched context,12b | Knowsley 017B,12b,218,2024-08-01,2025-04-24
Five scheme sensors,active_travel_total,Active travel,4,620,63489,102.401612903226,102.401612903226,100,12b | Knowsley 017B,Matched context,12b | Knowsley 017B,12b,218,2024-08-01,2025-04-24
IMD-matched sensors,pedestrian,Pedestrian,4,870,1363469,1567.20574712644,1693.30459770115,92.5530911127327,12b | Knowsley 017B,Matched context,12b | Knowsley 017B,12b,218,2024-08-01,2025-04-24
IMD-matched sensors,cyclist,Cyclist,4,870,109706,126.098850574713,1693.30459770115,7.4469088872673,12b | Knowsley 017B,Matched context,12b | Knowsley 017B,12b,218,2024-08-01,2025-04-24
IMD-matched sensors,active_travel_total,Active travel,4,870,1473175,1693.30459770115,1693.30459770115,100,12b | Knowsley 017B,Matched context,12b | Knowsley 017B,12b,218,2024-08-01,2025-04-24
Five scheme sensors,pedestrian,Pedestrian,4,834,127633,153.037170263789,189.276978417266,80.8535573335361,12d | Liverpool 052A,Matched context,12d | Liverpool 052A,12d,218,2024-08-01,2025-04-24
Five scheme sensors,cyclist,Cyclist,4,834,30224,36.2398081534772,189.276978417266,19.146442666464,12d | Liverpool 052A,Matched context,12d | Liverpool 052A,12d,218,2024-08-01,2025-04-24
Five scheme sensors,active_travel_total,Active travel,4,834,157857,189.276978417266,189.276978417266,100,12d | Liverpool 052A,Matched context,12d | Liverpool 052A,12d,218,2024-08-01,2025-04-24
IMD-matched sensors,pedestrian,Pedestrian,3,654,107334,164.119266055046,189.970948012232,86.3917708324949,12d | Liverpool 052A,Matched context,12d | Liverpool 052A,12d,218,2024-08-01,2025-04-24
IMD-matched sensors,cyclist,Cyclist,3,654,16907,25.8516819571865,189.970948012232,13.6082291675051,12d | Liverpool 052A,Matched context,12d | Liverpool 052A,12d,218,2024-08-01,2025-04-24
IMD-matched sensors,active_travel_total,Active travel,3,654,124241,189.970948012232,189.970948012232,100,12d | Liverpool 052A,Matched context,12d | Liverpool 052A,12d,218,2024-08-01,2025-04-24
Five scheme sensors,pedestrian,Pedestrian,2,436,89621,205.552752293578,232.690366972477,88.3374567533735,12e | St. Helens 008C,Matched context,12e | St. Helens 008C,12e,218,2024-08-01,2025-04-24
Five scheme sensors,cyclist,Cyclist,2,436,11832,27.1376146788991,232.690366972477,11.6625432466265,12e | St. Helens 008C,Matched context,12e | St. Helens 008C,12e,218,2024-08-01,2025-04-24
Five scheme sensors,active_travel_total,Active travel,2,436,101453,232.690366972477,232.690366972477,100,12e | St. Helens 008C,Matched context,12e | St. Helens 008C,12e,218,2024-08-01,2025-04-24
IMD-matched sensors,pedestrian,Pedestrian,2,436,118118,270.912844036697,275.646788990826,98.2826047161805,12e | St. Helens 008C,Matched context,12e | St. Helens 008C,12e,218,2024-08-01,2025-04-24
IMD-matched sensors,cyclist,Cyclist,2,436,2064,4.73394495412844,275.646788990826,1.71739528381954,12e | St. Helens 008C,Matched context,12e | St. Helens 008C,12e,218,2024-08-01,2025-04-24
IMD-matched sensors,active_travel_total,Active travel,2,436,120182,275.646788990826,275.646788990826,100,12e | St. Helens 008C,Matched context,12e | St. Helens 008C,12e,218,2024-08-01,2025-04-24
Five scheme sensors,pedestrian,Pedestrian,3,654,87453,133.720183486239,167.019877675841,80.0624364878103,12e | St. Helens 014D,Matched context,12e | St. Helens 014D,12e,218,2024-08-01,2025-04-24
Five scheme sensors,cyclist,Cyclist,3,654,21778,33.2996941896025,167.019877675841,19.9375635121898,12e | St. Helens 014D,Matched context,12e | St. Helens 014D,12e,218,2024-08-01,2025-04-24
Five scheme sensors,active_travel_total,Active travel,3,654,109231,167.019877675841,167.019877675841,100,12e | St. Helens 014D,Matched context,12e | St. Helens 014D,12e,218,2024-08-01,2025-04-24
IMD-matched sensors,pedestrian,Pedestrian,3,654,68105,104.136085626911,147.406727828746,70.6454089041949,12e | St. Helens 014D,Matched context,12e | St. Helens 014D,12e,218,2024-08-01,2025-04-24
IMD-matched sensors,cyclist,Cyclist,3,654,28299,43.2706422018349,147.406727828746,29.3545910958052,12e | St. Helens 014D,Matched context,12e | St. Helens 014D,12e,218,2024-08-01,2025-04-24
IMD-matched sensors,active_travel_total,Active travel,3,654,96404,147.406727828746,147.406727828746,100,12e | St. Helens 014D,Matched context,12e | St. Helens 014D,12e,218,2024-08-01,2025-04-24
Five scheme sensors,pedestrian,Pedestrian,3,654,44849,68.5764525993884,100.322629969419,68.3559159287315,12f | Wirral 006A,Matched context,12f | Wirral 006A,12f,218,2024-08-01,2025-04-24
Five scheme sensors,cyclist,Cyclist,3,654,20762,31.7461773700306,100.322629969419,31.6440840712685,12f | Wirral 006A,Matched context,12f | Wirral 006A,12f,218,2024-08-01,2025-04-24
Five scheme sensors,active_travel_total,Active travel,3,654,65611,100.322629969419,100.322629969419,100,12f | Wirral 006A,Matched context,12f | Wirral 006A,12f,218,2024-08-01,2025-04-24
IMD-matched sensors,pedestrian,Pedestrian,3,654,109156,166.905198776758,208.966360856269,79.8718023766317,12f | Wirral 006A,Matched context,12f | Wirral 006A,12f,218,2024-08-01,2025-04-24
IMD-matched sensors,cyclist,Cyclist,3,654,27508,42.0611620795107,208.966360856269,20.1281976233683,12f | Wirral 006A,Matched context,12f | Wirral 006A,12f,218,2024-08-01,2025-04-24
IMD-matched sensors,active_travel_total,Active travel,3,654,136664,208.966360856269,208.966360856269,100,12f | Wirral 006A,Matched context,12f | Wirral 006A,12f,218,2024-08-01,2025-04-24
Five scheme sensors,pedestrian,Pedestrian,4,866,17568,20.2863741339492,55.0531177829099,36.8487289202114,13 | Halton 010B,Matched context,13 | Halton 010B,13,218,2024-08-01,2025-04-24
Five scheme sensors,cyclist,Cyclist,4,866,30108,34.7667436489607,55.0531177829099,63.1512710797886,13 | Halton 010B,Matched context,13 | Halton 010B,13,218,2024-08-01,2025-04-24
Five scheme sensors,active_travel_total,Active travel,4,866,47676,55.0531177829099,55.0531177829099,100,13 | Halton 010B,Matched context,13 | Halton 010B,13,218,2024-08-01,2025-04-24
IMD-matched sensors,pedestrian,Pedestrian,5,1087,137923,126.884084636615,171.669733210672,73.9117386993918,13 | Halton 010B,Matched context,13 | Halton 010B,13,218,2024-08-01,2025-04-24
IMD-matched sensors,cyclist,Cyclist,5,1087,48682,44.785648574057,171.669733210672,26.0882613006082,13 | Halton 010B,Matched context,13 | Halton 010B,13,218,2024-08-01,2025-04-24
IMD-matched sensors,active_travel_total,Active travel,5,1087,186605,171.669733210672,171.669733210672,100,13 | Halton 010B,Matched context,13 | Halton 010B,13,218,2024-08-01,2025-04-24
Five scheme sensors,pedestrian,Pedestrian,20,4064,416463,96.7864480528731,128.068482493463,69.5636150934485,Equal-weight five-scheme average,Overall equal-scheme,,,218,2024-08-01,2025-04-24
Five scheme sensors,cyclist,Cyclist,20,4064,128854,31.2820344405902,128.068482493463,30.4363849065515,Equal-weight five-scheme average,Overall equal-scheme,,,218,2024-08-01,2025-04-24
Five scheme sensors,active_travel_total,Active travel,20,4064,545317,128.068482493463,128.068482493463,100,Equal-weight five-scheme average,Overall equal-scheme,,,218,2024-08-01,2025-04-24
IMD-matched sensors,pedestrian,Pedestrian,20,4355,1904105,439.192217117136,492.52287841478,83.7418982729823,Equal-weight five-scheme average,Overall equal-scheme,,,218,2024-08-01,2025-04-24
IMD-matched sensors,cyclist,Cyclist,20,4355,233166,53.3306612976438,492.52287841478,16.2581017270177,Equal-weight five-scheme average,Overall equal-scheme,,,218,2024-08-01,2025-04-24
IMD-matched sensors,active_travel_total,Active travel,20,4355,2137271,492.52287841478,492.52287841478,100,Equal-weight five-scheme average,Overall equal-scheme,,,218,2024-08-01,2025-04-24
Five scheme sensors,pedestrian,Pedestrian,4,620,49339,79.5790322580645,102.401612903226,77.7126746365512,12b,Scheme,,12b,218,2024-08-01,2025-04-24
Five scheme sensors,cyclist,Cyclist,4,620,14150,22.8225806451613,102.401612903226,22.2873253634488,12b,Scheme,,12b,218,2024-08-01,2025-04-24
Five scheme sensors,active_travel_total,Active travel,4,620,63489,102.401612903226,102.401612903226,100,12b,Scheme,,12b,218,2024-08-01,2025-04-24
IMD-matched sensors,pedestrian,Pedestrian,4,870,1363469,1567.20574712644,1693.30459770115,92.5530911127327,12b,Scheme,,12b,218,2024-08-01,2025-04-24
IMD-matched sensors,cyclist,Cyclist,4,870,109706,126.098850574713,1693.30459770115,7.4469088872673,12b,Scheme,,12b,218,2024-08-01,2025-04-24
IMD-matched sensors,active_travel_total,Active travel,4,870,1473175,1693.30459770115,1693.30459770115,100,12b,Scheme,,12b,218,2024-08-01,2025-04-24
Five scheme sensors,pedestrian,Pedestrian,4,834,127633,153.037170263789,189.276978417266,80.8535573335361,12d,Scheme,,12d,218,2024-08-01,2025-04-24
Five scheme sensors,cyclist,Cyclist,4,834,30224,36.2398081534772,189.276978417266,19.146442666464,12d,Scheme,,12d,218,2024-08-01,2025-04-24
Five scheme sensors,active_travel_total,Active travel,4,834,157857,189.276978417266,189.276978417266,100,12d,Scheme,,12d,218,2024-08-01,2025-04-24
IMD-matched sensors,pedestrian,Pedestrian,3,654,107334,164.119266055046,189.970948012232,86.3917708324949,12d,Scheme,,12d,218,2024-08-01,2025-04-24
IMD-matched sensors,cyclist,Cyclist,3,654,16907,25.8516819571865,189.970948012232,13.6082291675051,12d,Scheme,,12d,218,2024-08-01,2025-04-24
IMD-matched sensors,active_travel_total,Active travel,3,654,124241,189.970948012232,189.970948012232,100,12d,Scheme,,12d,218,2024-08-01,2025-04-24
Five scheme sensors,pedestrian,Pedestrian,5,1090,177074,162.453211009174,193.288073394495,84.0471986482125,12e,Scheme,,12e,218,2024-08-01,2025-04-24
Five scheme sensors,cyclist,Cyclist,5,1090,33610,30.8348623853211,193.288073394495,15.9528013517875,12e,Scheme,,12e,218,2024-08-01,2025-04-24
Five scheme sensors,active_travel_total,Active travel,5,1090,210684,193.288073394495,193.288073394495,100,12e,Scheme,,12e,218,2024-08-01,2025-04-24
IMD-matched sensors,pedestrian,Pedestrian,5,1090,186223,170.846788990826,198.702752293578,85.9810883436603,12e,Scheme,,12e,218,2024-08-01,2025-04-24
IMD-matched sensors,cyclist,Cyclist,5,1090,30363,27.8559633027523,198.702752293578,14.0189116563397,12e,Scheme,,12e,218,2024-08-01,2025-04-24
IMD-matched sensors,active_travel_total,Active travel,5,1090,216586,198.702752293578,198.702752293578,100,12e,Scheme,,12e,218,2024-08-01,2025-04-24
Five scheme sensors,pedestrian,Pedestrian,3,654,44849,68.5764525993884,100.322629969419,68.3559159287315,12f,Scheme,,12f,218,2024-08-01,2025-04-24
Five scheme sensors,cyclist,Cyclist,3,654,20762,31.7461773700306,100.322629969419,31.6440840712685,12f,Scheme,,12f,218,2024-08-01,2025-04-24
Five scheme sensors,active_travel_total,Active travel,3,654,65611,100.322629969419,100.322629969419,100,12f,Scheme,,12f,218,2024-08-01,2025-04-24
IMD-matched sensors,pedestrian,Pedestrian,3,654,109156,166.905198776758,208.966360856269,79.8718023766317,12f,Scheme,,12f,218,2024-08-01,2025-04-24
IMD-matched sensors,cyclist,Cyclist,3,654,27508,42.0611620795107,208.966360856269,20.1281976233683,12f,Scheme,,12f,218,2024-08-01,2025-04-24
IMD-matched sensors,active_travel_total,Active travel,3,654,136664,208.966360856269,208.966360856269,100,12f,Scheme,,12f,218,2024-08-01,2025-04-24
Five scheme sensors,pedestrian,Pedestrian,4,866,17568,20.2863741339492,55.0531177829099,36.8487289202114,13,Scheme,,13,218,2024-08-01,2025-04-24
Five scheme sensors,cyclist,Cyclist,4,866,30108,34.7667436489607,55.0531177829099,63.1512710797886,13,Scheme,,13,218,2024-08-01,2025-04-24
Five scheme sensors,active_travel_total,Active travel,4,866,47676,55.0531177829099,55.0531177829099,100,13,Scheme,,13,218,2024-08-01,2025-04-24
IMD-matched sensors,pedestrian,Pedestrian,5,1087,137923,126.884084636615,171.669733210672,73.9117386993918,13,Scheme,,13,218,2024-08-01,2025-04-24
IMD-matched sensors,cyclist,Cyclist,5,1087,48682,44.785648574057,171.669733210672,26.0882613006082,13,Scheme,,13,218,2024-08-01,2025-04-24
IMD-matched sensors,active_travel_total,Active travel,5,1087,186605,171.669733210672,171.669733210672,100,13,Scheme,,13,218,2024-08-01,2025-04-24
